CODIGO;DESCRIPCION;PRESENTACION;EXISTENCIAS
625;ACETONA;Unidad;3
1585;AGENDA 2500;Unidad;-1
1483;AGENDA CUERO;Unidad;0
1383;AGENDAS 2026 VARIADAS;Unidad;5
1503;AGENDAS DE 14900;Unidad;2
1119;ALCANCIA BOLA FUTBOOL;Unidad;0
1355;ALFOMBRAS NAVIDE�AS DE SNOOPY Y GRINCH;Unidad;2
A209;ALMOHADA BELLA DURMIENTE;Unidad;1
A210;ALMOHADA BELLA Y LA BESTIA;Unidad;1
A208;ALMOHADA CENICIENTA;Unidad;-1
A192;ALMOHADA CON COBIJA KUROMI;Unidad;1
589;ALMOHADA CON COBIJA STITCH;Unidad;-1
A198;ALMOHADA CUERPO BLUEY;Unidad;0
A196;ALMOHADA CUERPO SHREK;Unidad;0
A167;ALMOHADA DE CARA DE LABUBU;Unidad;4
1217;ALMOHADA DE CARA DE SNOOPY Y PAJARITO;Unidad;2
A557;ALMOHADA DE CERDITO;Unidad;-1
A187;ALMOHADA DE FIGURA DE DEADPOOL;Unidad;2
495;ALMOHADA DE FORMA SONIC - HOMERO;Unidad;1
1000;ALMOHADA DE KIRBY;Unidad;1
A193;ALMOHADA DE KUROMI;Unidad;1
1225;almohada de mack cars;Unidad;1
1223;almohada de rayo mcqueen 52cm;Unidad;1
1224;almohada de shape cars;Unidad;0
586;ALMOHADA DE SNOOPY;Unidad;-2
1220;almohada de snoopy casa grande;Unidad;1
1230;almohada de snoopy graduado sentado;Unidad;4
A469;ALMOHADA DE STICH 86CM;Unidad;2
A455;ALMOHADA DE STICH CON COBIJA;Unidad;3
A457;ALMOHADA DE STICH REVERSIBLE 38CM;Unidad;1
1226;almohada de stitch con orejas;Unidad;2
1218;almohada de woodstock 46cm;Unidad;2
A585;ALMOHADA FIGURA HARRY POTTER;Unidad;3
A181;ALMOHADA GRANDE DE DUMBO;Unidad;1
1222;almohada grande de woddstock;Unidad;2
1138;ALMOHADA GRANDE STITCH;Unidad;1
A340;ALMOHADA INTENSAMENTE 25CM;Unidad;2
A215;ALMOHADA LARGA HARRY POTTER;Unidad;1
A216;ALMOHADA LARGA JACK;Unidad;-1
A214;ALMOHADA LARGA ONE PIECE;Unidad;0
884;ALMOHADA LUCIFER;Unidad;1
883;ALMOHADA LUCIFER GRANDE;Unidad;2
A175;ALMOHADA OREJA RELIEVE DE SNOOPY;Unidad;1
A199;ALMOHADA PIKACHU;Unidad;1
A211;ALMOHADA RAPUNZEL;Unidad;1
A213;ALMOHADAS CILINDRICAS;Unidad;2
A190;ALMOHADAS CON FORMAS DE CONTROL;Unidad;4
A217;ALMOHADAS CUADRADAS;Unidad;66
A194;ALMOHADAS DE FIGURAS;Unidad;54
1219;almohadas de snoopy graduado;Unidad;6
1482;ALMOHADAS DE SOUTH PARK;Unidad;8
A207;ALMOHADA SIRENITA;Unidad;1
A165;ALMOHADAS LARGAS STITCH;Unidad;2
810;ALMOHADAS RECTANGULARES;Unidad;21
P195;ALMOHADA WINNIE POOH CON COBIJA;Unidad;0
A166;ALMOHADON CARA DE PANDA;Unidad;0
430;ALMOHADON CUADRADO;Unidad;6
1064;ALMOHADON DE FIGURA DE BATMAN;Unidad;1
A174;ALMOHADON FIGURA DE SNOOPY;Unidad;3
A180;ALMOHADON GRANDE DE SULLIVAN;Unidad;1
1092;ANILLO;Unidad;-4
636;anillo bambu;Unidad;-2
A822;ANILLOS DE ACERO;Unidad;410
A823;ANILLOS DE PLATA A�EJADA;Unidad;16
1412;ANTEOJOS DE NI�OS DE BLUEY Y SPIDERMAN;Unidad;3
1080;antifaz;Unidad;1
436;ARETES;Unidad;0
A812;ARETES ACERO;Unidad;19
784;ARETES CEREZA;Unidad;0
786;ARETES CHERRY;Unidad;2
900;ARETES CON LICENCIA ORIGINAL;Unidad;5
785;ARETES DE CEREZA GRANDE;Unidad;4
1139;ARETES DE HOJAS;Unidad;12
859;ARETES DE PLATA;Unidad;0
A813;ARETES FINOS;Unidad;18
A580;ARETES HALLOWEEN;Unidad;3
1322;ARMABLE DE DINOSAURIO MOREINONE;Unidad;0
650;ARMABLE DE EL PRINCIPITO STARRY RIDE ROSE;Unidad;1
653;ARMABLE DEL PRINCIPITO LE PETIT PRINCE ROSE;Unidad;1
652;ARMABLE DEL PRINCIPITO ROSE SWING;Unidad;0
651;armable del principito ROSE WHISPERS;Unidad;1
647;ARMABLE DEL PRINCIPITO STARLIGNT LAMP;Unidad;1
649;ARMABLE DEL PRINCIPITO STARRY RIDE PLANE;Unidad;-3
646;ARMABLE DEL PRINCIPITO STARRY RIDE POCKET WATCH;Unidad;3
648;ARMABLE EL PRINCIPITO 336 PIEZAS;Unidad;1
1295;ARMABLES DE DINOSAURIOS TIRANOSAURIO Y TRICERATOPS;Unidad;1
1296;ARMABLES DE DINOSAURIOS TRICERATOPS Y DINOSAUR;Unidad;1
879;AUDIFONOS DE STITCH;Unidad;-2
639;Audifonos Gamer;Unidad;2
1026;AUDIFONOS HARRY POTTER;Unidad;0
949;AUDIFONOS ONE PIECE;Unidad;2
1275;AVION A ESCALA GRANDE;Unidad;-2
1490;balsamo de stitch;Unidad;-4
1486;BALSAMO LABIAL DE SNOOPY;Unidad;6
1494;BALSAMOS CHERRY;Unidad;3
1413;BANDANA PARA MAQUILLAJE DE JACK - SALLY;Unidad;3
1083;BANDANAS NARUTO;Unidad;-1
B307;BARCOS DE ONE PIECE;Unidad;7
65;BASE NAILEN;Unidad;76
1264;BICICLETA EN CAJA;Unidad;1
5;BILLETERA 8500;Unidad;140
902;billetera calcifer;Unidad;2
1198;BILLETERA COMLOMBIANA PEQUE�A;Unidad;24
908;BILLETERA CON LICENCIA DE JACK;Unidad;1
B554;BILLETERA DE BEETLEJUICE;Unidad;1
1251;BILLETERA DE CUERO CABALLERO;Unidad;35
907;billetera de hello kitty;Unidad;0
4;BILLETERA DE HULE 10.000;Unidad;128
B553;BILLETERA DE KUROMI ORIGINAL;Unidad;2
904;billetera de marie;Unidad;-1
7;BILLETERA DE MUJER 8500;Unidad;63
B623;BILLETERA DE SNOOPY;Unidad;17
905;billetera de tinkerbell;Unidad;1
901;billetera my melody;Unidad;2
1032;billeteras colombianas;Unidad;-2
903;BILLETERAS CON LICENCIA ORIGINAL;Unidad;8
1375;BILLETERAS DE MINNIE MOUSE CON LICENCIA ORIGINAL;Unidad;3
6;BILLETERAS DE MUJER 10000;Unidad;121
899;BILLETERA STITCH;Unidad;0
B501;BILLETERA STITCH BLANCA CON LICENCIA ORIGINAL;Unidad;4
1508;BILLETERA TOMMY DE MUJER;Unidad;1
1414;BINCHA DE MAQUILLAJE DE SNOOPY;Unidad;1
1351;BISUTERIA FINA CON LICENCIA ORIGINAL;Unidad;12
493;BLOQUEADOR;Unidad;6
1380;BLUSAS GRISES DE MICKEY MOUSE;Unidad;2
1207;BOINA DE MARIO BROS Y LUIGUI;Unidad;8
B815;BOLAS SORPRESA;Unidad;0
805;BOLITA SORPRESA;Unidad;17
1067;BOLO DE VIAJE DE HELLO KITTY BLANCO;Unidad;0
1211;BOLSA DECORADA MEDIA PEQUE�A;Unidad;11
1229;bolsa de regalo de stitch;Unidad;2
1205;BOLSA DE REGALO MEDIANA;Unidad;21
1208;BOLSA DE REGALO MEDIANA 2;Unidad;4
1209;BOLSA DE REGALO POTE�A;Unidad;6
1204;BOLSA PEQUE�A DECORADA;Unidad;11
868;BOLSAS DE REGALO;Unidad;-4
1129;bolsa termica stitch;Unidad;0
524;BOLSO BLANCO DE LADO STITCH;Unidad;1
1013;BOLSO BLANCO DE SNOOPY;Unidad;-1
B164;BOLSO CAPIBARA CON NARANJA;Unidad;0
854;BOLSO CORTES 14500;Unidad;0
1170;BOLSO COTES 14500;Unidad;0
1087;BOLSO CRUZADO DE HELLO KITTY;Unidad;-1
1523;BOLSO CRUZADO DE MICKEY MOUSE;Unidad;1
1260;bolso de beetlejuiece;Unidad;1
1344;bolso de chopper;Unidad;1
1210;BOLSO DECORADA MEDIANA;Unidad;11
1345;BOLSO DE DEADPOLL;Unidad;1
837;BOLSO DE DE HOMBRO SNOOPY;Unidad;0
1020;BOLSO DE ESPALDA DE CAPIBARA;Unidad;-2
1358;BOLSO DE ESPALDA DE JACK SKELLINGTON;Unidad;2
1506;bolso de espalda de minnie;Unidad;1
1143;bolso de gengar;Unidad;1
1089;BOLSO DE HEDWIG;Unidad;2
1125;bolso de hello kitty;Unidad;2
B218;BOLSO DE HOMBRO STICH;Unidad;4
536;BOLSO DE KUROMI NEGRO;Unidad;2
1178;bolso de lado de stich original;Unidad;0
1438;bolso de lado de totoro;Unidad;1
1350;BOLSO DEL SE�OR DE LOS ANILLOS;Unidad;0
1066;bolso de mano de hello kitty;Unidad;0
B829;BOLSO DE MANO DE STICH CON LICENCIA ORIGINAL;Unidad;-1
1363;BOLSO DE MANO JACK Y SALLY;Unidad;2
1362;BOLSO DE MANO MICKEY MOUSE;Unidad;1
427;BOLSO DE MANO STITCH;Unidad;-1
504;BOLSO DE MANO STITCH PEQUE�O;Unidad;1
1102;BOLSO DE MINNIE;Unidad;2
1117;BOLSO DE PELUCHE DE KUROMI;Unidad;1
832;BOLSO DE PELUCHE DE STICH CON LICENCIA ORIGINAL;Unidad;1
425;BOLSO DE PELUCHE DE STITCH;Unidad;2
B357;BOLSO DE SHADOW;Unidad;1
1012;BOLSO DE SNOOPY CON CORREA NEGRA;Unidad;1
B356;BOLSO DE SONIC;Unidad;0
1135;BOLSO DE STICH CELESTE ORIGINAL;Unidad;2
B834;BOLSO DE STICH CON BRAZOS MAGNETICOS;Unidad;1
1360;BOLSO DE VIAJE CELESTE DE STITCH;Unidad;1
1062;BOLSO DE VIAJE DE MICKEY;Unidad;2
1191;BOLSO DE VIAJE LOUNGEFLY DE STITCH Y TRAPOS;Unidad;1
1024;BOLSO DE VIAJE STITCH;Unidad;2
816;BOLSO FINO;Unidad;4
1538;BOL.SO HELLO KITTY;Unidad;1
398;BOLSO HELLO KITTY CON LICENCIA ORIGINAL;Unidad;0
1439;bolso hello kitty de lado;Unidad;1
1565;BOLSO HELLO KITTY ESPALDA;Unidad;0
1183;BOLSO HER UNIVERSE DE SAILOR MOON;Unidad;1
1437;bolso hot topic de gatita marie;Unidad;1
1554;BOLSO JACK ALUMBRA EN LA OBSCURIDAD;Unidad;-2
1180;BOLSO LICENCIA ORIGINAL DE CAPITANA MARVEL;Unidad;1
1366;BOLSO LOUNGEFLY DE CAPITAN AMERICA;Unidad;1
1433;BOLSO LOUNGEFLY DE EL CADAVER DE LA NOVIA;Unidad;1
1186;BOLSO LOUNGEFLY DE GARFIELD;Unidad;1
1093;BOLSO LOUNGEFLY DE JACK Y SALLY;Unidad;2
1181;BOLSO LOUNGEFLY DE KUROMI, MY MELODY Y MY SWEET PIANO;Unidad;1
1185;BOLSO LOUNGEFLY DE ONE PIECE;Unidad;1
1182;BOLSO LOUNGEFLY DE SNOOPY;Unidad;1
1188;BOLSO LOUNGEFLY DE STITCH COLOR BEIGE;Unidad;2
1189;BOLSO LOUNGEFLY DE STITCH CON TRAPOS;Unidad;1
1431;BOLSO LUFFY ONE PIECE;Unidad;-1
1365;BOLSO MANOS LIBRES DE JACK;Unidad;2
1367;BOLSO MANOS LIBRES DE MINNIE MOUSE;Unidad;1
1364;BOLSO MANOS LIBRES DE STITCH CELESTE;Unidad;-1
1335;BOLSO NEGRO CRUZADO;Unidad;1
1436;bolso original coraline;Unidad;1
1068;BOLSO ORIGINAL DE SALLY;Unidad;1
887;BOLSO ORIGINAL HP;Unidad;-1
505;BOLSO PARA CELULAR DE STITCH;Unidad;2
978;BOLSO PLEGABLE DE STITCH;Unidad;2
842;BOLSOS DE CAPIBARA;Unidad;-1
1015;bolsos de hello kitty peludo;Unidad;1
643;BOLSOS DE TELA DE PERSONAJES JACK - HELLO KITTY;Unidad;4
1201;BOLSO STITCH CELESTE PRIMARK;Unidad;1
523;BOLSO STITCH CON TRAPOS;Unidad;7
519;BOLSO TOTORO;Unidad;0
1148;BOLSO TOTORO;Unidad;2
1044;BOLSO WINNIE POOH;Unidad;1
1429;BOTA NAVIDE�A DE JACK SKELLINGTON;Unidad;1
1477;BOTAS NAVIDE�AS DE PERSONAJES;Unidad;11
981;BOTELLA BLUEY;Unidad;2
1017;BOTELLA CALAVERA;Unidad;3
1267;BOTELLA DE JACK ORIGINAL;Unidad;2
1518;BOTELLA DE PERSONAJES GRANDE CON AGARRADERA;Unidad;5
1449;BOTELLA DE STAR WARS;Unidad;1
931;BOTELLA DE STITCH;Unidad;2
1123;botella de stitch con agarradera;Unidad;9
1202;BOTELLA MONSTER INC;Unidad;1
869;BOTELLAS DE SANRIO;Unidad;1
850;botellas p�ersonajes de disney;Unidad;6
426;botellas san rio;Unidad;7
1206;BOTELLAS STANLEY Y PEANUTS Y MAZINGER;Unidad;8
2;BOTELLAS SUBLIMADAS Y MINECRAFT;Unidad;79
628;BOTELLA VACUUM;Unidad;10
1527;BOTELLA YETY;Unidad;6
1240;BRASSIER INVISIBLE (PEZONERAS CAJA GRANDE);Unidad;1
417;BRILLO DE LABIOS;Unidad;9
1111;BROCHAS PARA CEJAS;Unidad;-1
B231;BUFANDA HARRY POTTER;Unidad;5
B232;BUFANDA HARRY POTTER CON ESCUDO;Unidad;7
788;buho de harry potter;Unidad;1
1581;BULMA BANDAI;Unidad;1
1305;BULTO ONE PIECE;Unidad;0
P799;burro;Unidad;1
1005;cabezones de animados;Unidad;6
802;CADENA CUBANA;Unidad;1
B500;CADENA DE ACERO;Unidad;51
789;CADENA DE CORDON;Unidad;3
787;CADENAS CUBANA;Unidad;9
1468;CADENAS DE MICKEY MOUSE;Unidad;1
1050;CAJA DE BISUTERIA;Unidad;15
1147;CAJA DE BROCHAS DE MAQUILLAJE;Unidad;4
1253;CAJA DE REGALO MEDIANA DE SNOOPY;Unidad;-5
1077;caja de reloj;Unidad;-1
1078;caja de reloj;Unidad;8
C592;CAJA GRANDE DE SNOOPY;Unidad;1
526;CAJA MEDIANA STITCH;Unidad;9
C591;CAJA PEQUE�A DE SNOOPY;Unidad;-5
527;CAJA PEQUE�A STITCH;Unidad;3
938;CAJAS MUSICALES DE ANIME;Unidad;-2
838;CAJA SOPRESA ONE PIECE;Unidad;-1
525;CAJAS STITCH GRANDES;Unidad;4
1474;CALENDARIO DE MICKEY MOUSE;Unidad;0
C535;CAMISA DE JACK;Unidad;6
534;CAMISA DE STICH;Unidad;1
1238;CAMISAS DE EQUIPOS NACIONALES;Unidad;0
1124;canguro de mickey;Unidad;1
1021;canguro harry potter;Unidad;-1
CA236;CAPA AZUL RAVENCLAW;Unidad;1
CA233;CAPA HARRY POTTER;Unidad;10
CA237;CAPA MARILLA HUFFLEPUFF;Unidad;2
CA235;CAPA VERDE SLYTHERIN;Unidad;8
1336;CAPIBARA DE PANAL Y AGUACATE 30CM;Unidad;0
1171;CAPIBARA DE PANAL Y AGUACATE 50CM;Unidad;0
967;CARRO A CONTROL REMOTO;Unidad;0
C616;CARRO DE COLECCION;Unidad;-5
1086;CARRO DE SPIDERMAN;Unidad;-1
1011;CARRO MARIO;Unidad;-1
1137;carro monster jam;Unidad;3
51;CARROS COLECCION;Unidad;-2
847;CARROS GRANDES DE COLECCION;Unidad;5
1104;CARROS HOT WEELS;Unidad;-1
1382;CARRUCEL DE MELODY;Unidad;1
1370;CARTERA BLANCA MINNIE MOUSE;Unidad;1
1371;CARTERA CELESTE DE STITCH;Unidad;1
1381;CARTERA DE JACK SKELLINGTON;Unidad;1
1440;CARTERA DE LADO DE JACK;Unidad;0
1517;CARTERA DE LADO DE JACK;Unidad;2
807;cartera de minnie;Unidad;0
521;CARTERA HARRY POTTER GRANDE;Unidad;4
522;CARTERA PEQUE�AS HARRY POTTER;Unidad;3
1489;CARTUCHERA MINECRAFT;Unidad;4
1392;CEPILLO CON COLA DE JACK - SALLY;Unidad;2
1521;CERDITO FRESA GRANDE;Unidad;2
1070;CHANCHO CACHETON;Unidad;-1
P481;CHANCHO MILK 85CM;Unidad;1
1343;charizard 23cm;Unidad;1
1172;chimichanga truck;Unidad;3
864;chispitas;Unidad;-3
1132;cobija de girasol;Unidad;1
1101;COBIJA DE SNOOPY Y JACK;Unidad;1
1166;collar;Unidad;6
1168;collar sencillo;Unidad;11
718;COLOGNE BRUT 147ML;Unidad;2
1154;COMBO BOTELLA CON AUDIFONOS;Unidad;3
1462;combo harry potter;Unidad;-1
1333;CONFITES HARRY POTTER;Unidad;0
1454;CONTADOR DE SNOOPY;Unidad;1
790;COPA DE ABRE VINO;Unidad;2
1434;COQUETA DE UNICORNIO;Unidad;0
C229;CORBATA HARRY POTTER;Unidad;10
C230;CORBATA HARRY POTTER CON LICENCIA;Unidad;2
1016;corona;Unidad;4
1227;corona sencilla;Unidad;5
976;COSMETIQUERA CELESTE DE STITCH;Unidad;2
1368;COSMETIQUERA DE minnie;Unidad;1
1031;COSMETIQUERA DE STITCH;Unidad;0
1563;COSMETIQUERA HELLO KITTY;Unidad;0
723;CREMA AQUAMARINE 437ML;Unidad;2
582;CREMAS DE PERSONAJES;Unidad;37
725;CREMA VICTORIA SECRET VAINILLA 236ML;Unidad;1
617;CUADRO DE ANIME CON LUZ;Unidad;11
1176;cuadro de luz de snoopy;Unidad;4
741;CUADROS 3D;Unidad;5
1025;DADOS JACK;Unidad;0
432;DELINEADOR DE OJOS;Unidad;1
876;delineador mac;Unidad;-2
D510;DESODORANTE BRUT EN AEROSOL;Unidad;3
D512;DESODORANTE BRUT EN BARRA;Unidad;2
727;DESODORANTE POLO 75G;Unidad;1
D509;DESODORANTE SPRAY;Unidad;13
724;DESODORANTE WILD COUNTRY 75ML;Unidad;5
559;DIADEMAS;Unidad;1
1511;DIADEMAS DE PERSONAJES;Unidad;16
D853;DIADEMA STCHI;Unidad;1
843;DIADEMA STITCH;Unidad;-1
1131;dianema;Unidad;0
1543;DIANEMA STITCH;Unidad;9
1133;DIJES;Unidad;37
1556;DINOSAURIO TOY STORY;Unidad;-1
D238;DISFRAZ HARRY POTTER;Unidad;1
833;DULCERA DE STICH CON LICENCIA ORIGINAL;Unidad;2
1374;DUO BALSAMO LABIAL DE SNOOPY;Unidad;4
841;ENCRESPADOR MANZANITA;Unidad;24
1435;ESFERA DE EL GRINCH;Unidad;3
1040;esferas de dragon ball;Unidad;2
1258;esferas de hello kitty Y caja musical;Unidad;11
1107;ESFERAS DE KUROMI Y HELLO KITTY;Unidad;1
1548;esferas de studio glibli;Unidad;5
1566;ESFERAS DRAGON BALL 10.000;Unidad;-1
E858;ESFERAS MUSICALES;Unidad;6
1071;ESFERAS MUSICALES REDONDAS;Unidad;4
1445;ESFERAS NAVIDE�AS;Unidad;1
1023;esferas sorpresa studio glibli;Unidad;6
64;ESMALTES;Unidad;69
420;ESPEJOS;Unidad;3
E416;ESPEJOS DE STITCH;Unidad;5
1519;ESPEJOS OREJAS DE GATO;Unidad;11
511;ESPUMA PARA AFEITAR MAGNATE;Unidad;3
1037;faja;Unidad;2
1079;faja colombina;Unidad;0
934;FIGURA ALIEN TOY STORY;Unidad;1
1279;FIGURA ANIMATRONICA DE STITCH;Unidad;1
1578;FIGURA BANDAI EVOLVE;Unidad;1
1579;FIGURA BANDAI MAXIMATIC;Unidad;1
1505;figura barco one piece;Unidad;0
927;FIGURA BEETLEJUICE Y MANO DE MERLINA , MICAHEL MYERS, EMILY;Unidad;1
848;FIGURA BLUEY PEQUE�A;Unidad;-2
1291;FIGURA BROLY SUPER SAYAYIN;Unidad;1
1007;figura chiet;Unidad;-1
962;FIGURA DE ARIEL;Unidad;1
1042;FIGURA DE BABY GROOT;Unidad;0
1328;FIGURA DE BATMAN;Unidad;2
1108;figura de bluey;Unidad;2
990;FIGURA DE CHUCKY;Unidad;0
1043;FIGURA DE DEADPOOL;Unidad;1
928;FIGURA DE DON CANGREJO Y BOB ESPPONJA;Unidad;2
943;FIGURA DE GENIO;Unidad;1
1284;FIGURA DE GOKU BLACK ROSE SUPER SAYAYIN DRAGON BALL;Unidad;0
661;FIGURA DE GOKU SUPER SAIYANS;Unidad;1
1407;FIGURA DE HELLO KITTY CON LAZOS INTERCAMBIABLES;Unidad;1
1441;FIGURA DE HELLO KITTY CUMPLEA�OS;Unidad;1
1235;FIGURA DE HELLO KITTY Y AMIGOS;Unidad;3
961;FIGURA DE HERMOINE;Unidad;1
672;figura de inosuke;Unidad;1
1293;FIGURA DE INOSUKE DEMON SLAYER;Unidad;1
1456;FIGURA DE IT;Unidad;2
F830;FIGURA DE JACK CAMBIA CARAS;Unidad;2
1396;FIGURA DE JACK - SALLY CON NIEVE;Unidad;1
F831;FIGURA DE JACK Y SALLY;Unidad;1
670;figura de jogo;Unidad;0
1288;FIGURA DE KANAO TSUYURI;Unidad;-1
1099;FIGURA DE KRUSTY;Unidad;0
1149;FIGURA DE LA PRINCESA PEACH;Unidad;1
1452;FIGURA DEL GRINCH CON LUZ;Unidad;3
956;FIGURA DE LILO;Unidad;1
944;FIGURA DE LITTLE BROTHER;Unidad;1
942;FIGURA DE LUMIERE;Unidad;1
1234;figura de messi;Unidad;0
946;FIGURA DE MINIONS Y SE�OR CARE PAPA;Unidad;5
1283;FIGURA DE NAMI ONE PIECE;Unidad;0
1233;figura de naruto;Unidad;3
373;FIGURA DE NICO ROBIN ONE PIECE;Unidad;0
663;FIGURA DE NUEVE COLAS;Unidad;1
945;FIGURA DE OSO CARI�OSO;Unidad;1
669;figura de panda jujutsu kaisen;Unidad;1
929;FIGURA DE PATRICIO;Unidad;1
1160;figura de pinocho;Unidad;2
673;figura de rengoko;Unidad;0
1009;FIGURA DE ROLANDO CON LICENCIA ORIGINAL;Unidad;1
941;FIGURA DE SNAPE;Unidad;1
1446;FIGURA DE SNOOPY;Unidad;0
1403;FIGURA DE SONIC EN CARRO;Unidad;1
1045;FIGURA DE STITCH;Unidad;1
958;FIGURA DE STITCH;Unidad;1
1075;figura de stitch 20.5 cm;Unidad;1
1140;FIGURA DE STITCH FUN SERIES;Unidad;2
1302;FIGURA DE STITCH GRANDE;Unidad;2
675;figura de sukuna;Unidad;1
677;figura de tanjiro;Unidad;1
1404;FIGURA DE VINILO DE CHUCKY - TIFFANY;Unidad;1
1405;FIGURA DE VINILO DE EL GRINCH;Unidad;0
674;figura de zenitsu;Unidad;-1
665;FIGURA DE ZORO;Unidad;1
26;FIGURA DORAEMON;Unidad;12
924;FIGURA GALLETA SHREK;Unidad;1
671;FIGURA GETO;Unidad;4
1120;FIGURA HARRY POTTER;Unidad;0
940;FIGURA HEY ARNOLD;Unidad;1
835;FIGURA JACK;Unidad;-1
668;figura jujutsu kaisen combination battle;Unidad;1
28;FIGURA KIRBY;Unidad;6
27;FIGURA KUROMI;Unidad;3
1072;FIGURA MARIO BROS CARRO;Unidad;-1
947;FIGURA METALFIGS;Unidad;1
948;FIGURA MINECRAFT;Unidad;2
678;figura my hero academy 7th;Unidad;1
676;figura my hero academy combination battle;Unidad;1
664;FIGURA NARUTO UZUMAKI;Unidad;1
1096;FIGURA NEZUKO;Unidad;-1
660;FIGURA ONE PIECE THE GRANDLINE;Unidad;1
930;FIGURA PATRICIO;Unidad;1
1082;FIGURA POKEMON;Unidad;11
22;FIGURA POKEMON CAJA NARANJA;Unidad;5
24;FIGURA POKEMON CASUAL;Unidad;4
1091;FIGURAS ARMABLES GUNDAM;Unidad;4
52;FIGURAS ARTICULADAS DE ONE PIECE;Unidad;5
1577;FIGURAS BANDAI GLITTER;Unidad;0
921;FIGURAS CHICAS SUPER PODEROSAS;Unidad;2
959;FIGURAS DC;Unidad;2
915;Figuras de dragon ball;Unidad;5
1287;FIGURAS DE DRAGON BALL DRAGON STARS CELL - MUTENROSHI;Unidad;2
867;FIGURAS DEMON SLAYER;Unidad;9
1212;figuras de naruto;Unidad;6
1255;FIGURAS DE PERSONAJES DE MARIO BROS;Unidad;12
1334;FIGURAS DE SHENGLONG DRAGON BALL;Unidad;1
1442;FIGURAS DE SOUTH PARK y AZAMI Y CONSOLA;Unidad;10
957;FIGURAS DE STITCH;Unidad;2
1274;FIGURAS DRAGON BALL;Unidad;7
991;FIGURAS FIDGET MICKEY MOUSE Y AMIGOS;Unidad;6
923;FIGURAS HELLO KITTY AND FRIENDS;Unidad;7
1100;FIGURAS INDIVIDUALES DE LOS SIMPSON;Unidad;10
919;FIGURAS LOONEY TUNES;Unidad;4
1447;FIGURA SNOOPY NASA;Unidad;1
662;FIGURA SOLID EDGE WORKS;Unidad;1
916;FIGURAS ORIGINALES;Unidad;13
632;FIGURA SORPRESA DE STITCH;Unidad;1
1406;FIGURAS PEQUE�AS DE TOY STORY;Unidad;0
918;figuras rick and morty;Unidad;5
937;FIGURAS SORPRESA SAILOR MOON;Unidad;-2
922;FIGURAS TRANSFORMES;Unidad;1
1313;FIGURA SUPER SAYAYIN DRAGON BALL;Unidad;2
667;FIGURA VEGUETA SUPER HERO;Unidad;1
499;FIGURA WALLE;Unidad;1
25;FIGURA WINNIE POOH;Unidad;2
955;FIGURA WONDER WOMAN;Unidad;1
1324;FIRURAS DE ZELDA;Unidad;1
1035;funko de messi;Unidad;1
1451;FUNKO DE NEZUKO;Unidad;1
968;FUNKO POPS;Unidad;67
964;FUNKO POPS;Unidad;11
1114;FUNKO POPS DE JOE COOL - SNOOPY;Unidad;3
520;FUNKOS PEQUE�OS;Unidad;-5
1165;gargantillas;Unidad;5
1187;gege bear;Unidad;8
1582;GETO BANDAI;Unidad;1
1586;GOMA ADORO;Unidad;0
G272;GORRA BASICA;Unidad;-1
G247;GORRA CHOPPER;Unidad;2
G256;GORRA COSTA RICA;Unidad;0
G270;GORRA CUTIE;Unidad;1
G241;GORRA DEADPOOL;Unidad;10
994;GORRA DE JACK SKELLINGTON;Unidad;2
G252;GORRA DE LA LIGA;Unidad;1
G253;GORRA DE MICKEY;Unidad;2
988;GORRA DE MINECRAFT TIME TO MINE;Unidad;1
G249;GORRA DEMON SLAYER;Unidad;14
986;GORRA DE TOTORO;Unidad;1
G255;GORRA FLASH;Unidad;1
G267;GORRA GATO SONRIENTE;Unidad;2
G265;GORRA HARLEY QUINN;Unidad;1
G259;GORRA HARRY POTTER;Unidad;1
G266;GORRA HELLO KITTY;Unidad;2
G246;GORRA HONGO MARIO;Unidad;3
G248;GORRA IRON MAN;Unidad;2
G269;GORRA LOVE;Unidad;0
G244;GORRA MARIO ROJA;Unidad;5
G260;GORRA MICKEY;Unidad;1
G239;GORRA MINECRAFT VERDE;Unidad;7
G261;GORRA MINNIE;Unidad;0
G251;GORRA NARUTO;Unidad;11
G258;GORRA NEGRA MARIO ADULTO;Unidad;0
G240;GORRA NEGRA MINECRAFT;Unidad;5
G243;GORRA NEGRA SPIDERMAN;Unidad;4
G250;GORRA PIKACHU;Unidad;2
G264;GORRA PLAZA SESAMO;Unidad;1
G268;GORRA PS;Unidad;1
G257;GORRA ROJA MARIO ADULTO;Unidad;2
6242;GORRA ROJA SPIDERMAN;Unidad;6
809;GORRA SAPRISSA;Unidad;2
G262;GORRAS BTS;Unidad;4
G263;GORRAS HAND MADE;Unidad;2
G254;GORRA SONIC;Unidad;2
G271;GORRA URSULA;Unidad;2
G245;GORRA VERDE MARIO;Unidad;5
G508;GORRO DE JACK;Unidad;-1
1415;GORROS DE PERSONAJES (JACK, SPIDERMAN, SONIC);Unidad;5
1074;GORROS navide�os del grinch;Unidad;2
1254;GRINCH CON PAVO;Unidad;2
1301;GRINCH CON REGALO;Unidad;0
1199;GUANTES HARRY POTTER;Unidad;13
494;HACHA MINECRATF;Unidad;0
935;HARRY POTTER FUNKO DELUXE;Unidad;-1
1247;HELLO KITTY 32 CM;Unidad;-2
204;HELLO KITTY 44 CM;Unidad;0
1130;heno de �pravia;Unidad;2
1546;HOT WHEELS;Unidad;-6
1547;HOT WHEELS;Unidad;-3
1398;HOT WHEELS MONSTER TRUCK;Unidad;3
1562;HOT WHEELS PREMIUM;Unidad;-3
P325;HUGGY WUGGY 38CM;Unidad;2
1146;HUMIFICADOR;Unidad;3
1575;ICON ANTONIO BANDERAS;Unidad;2
1054;ILUMINADOR;Unidad;2
604;INVICTUS PACO RABANNE 100ML;Unidad;2
744;JABONES DE MAJA 140G;Unidad;2
1126;JABON MAJA;Unidad;4
1248;JARRA CERVECERA SUBLIMADA DE EQUIPOS;Unidad;-4
1076;jarra de calavera;Unidad;2
T108;JARRAS CERVECERAS DE HOMERO;Unidad;12
T109;JARRAS CERVECERAS DE SUPER HERORES;Unidad;28
599;JARRAS GRANDE DE EQUIPOS;Unidad;9
726;JEAN NATE AFTER BATH 443ML;Unidad;2
1110;JEAN NATE SPLASH;Unidad;1
688;JOVAN MUSK FOR WOMEN Y HOMBRE 96ML;Unidad;1
1541;JOYERO PEQUE�O;Unidad;5
1568;JUEGO BASTA;Unidad;0
855;JUEGO DE CADENA MAFALDA;Unidad;0
1055;juego de jumanji;Unidad;1
874;juego de poquer;Unidad;-1
1193;JUGUETES DE ACADEMIA UNICORNIO;Unidad;2
555;JUGUETES RAINBOW FRIENDS;Unidad;-1
749;KIT DE REGALO MAJA;Unidad;2
985;LABIAL DE SNOOPY;Unidad;0
1276;labiales;Unidad;43
1084;LABIAL MAGICO;Unidad;14
419;LABIAL MATTE KISS BEAUTY;Unidad;16
1004;LAMPARA CONTROL;Unidad;1
1048;LAMPARA DE HELLO KITTY;Unidad;2
872;LAMPARA DE MARIO Y BEETLE JUICE;Unidad;4
1444;LAMPARA DE MINECRAFT Y MARIO;Unidad;6
374;LAMPARA DE SAL;Unidad;1
1485;LAMPARA DE STITCH;Unidad;1
979;LAMPARA DE STITCH CON LICENCIA ORIGINAL;Unidad;1
865;LAMPARA DE STITCH, MARIO,PIKACHU;Unidad;3
P341;LAMPARA HARRY POTTER;Unidad;1
1387;LAMPARA JACK;Unidad;2
1453;LAMPARA LED BATMAN;Unidad;1
1411;LAMPARA LED DE HELLO KITTY;Unidad;1
1410;LAMPARA LED DE SNOOPY;Unidad;2
885;LAMPARA QUEMADOR;Unidad;9
1520;LAMPARA QUEMADOR DE INCIENSO;Unidad;-3
926;LAMPARA SALLY;Unidad;0
1457;LAMPARAS DE LAVA;Unidad;2
1448;LAMPARAS DE REFLEJO;Unidad;4
644;LAMPARAS DE STITCH;Unidad;12
857;LAMPARAS DE TOTORO;Unidad;3
1491;langer de jack;Unidad;4
540;LANYER CON GAFETE;Unidad;0
820;LANYER PERSONAJES DE 3000;Unidad;29
1010;LAPICERO DE SNOOPY;Unidad;1
1085;LAPICEROS DE CORAZON;Unidad;0
808;lapiceros de personajes;Unidad;38
29;LAPICEROS DE STITCH;Unidad;20
67;LAPIZ;Unidad;306
1266;LAPIZ DE CEJAS CAFE Y NEGRO;Unidad;19
1069;LAPIZ DE OJO CAFE Y NEGRO;Unidad;29
851;LAPIZ LIQUIDO;Unidad;-2
1300;LEGO DE ASTROBOY;Unidad;-1
1285;LEGO DE GARFIELD TOSTADA;Unidad;0
1194;LEGO DE SNOOPY AVION SOBRE EL MAR;Unidad;2
656;LEGO DE SNOOPY BIPLANE;Unidad;2
1281;LEGO DE SNOOPY BUS DE ESCUELA;Unidad;4
1196;LEGO DE SNOOPY CARRO BLANCO;Unidad;3
1282;LEGO DE SNOOPY Y EMILIO BUS Y FLORISTERIA;Unidad;1
23;LEGO POKEMON;Unidad;7
L572;LEGO RACING CAR;Unidad;0
L570;LEGO RACING CAR;Unidad;-1
L574;LEGO RACING CAR;Unidad;1
L573;LEGO RACING CAR;Unidad;0
L571;LEGO RACING CAR;Unidad;0
1105;LEGOS DE GIRASOLES CON CUPULA;Unidad;3
131;LEGOS DE KATANAS;Unidad;1
415;LEGOS DE MINECRAFT;Unidad;9
1327;LEGOS DE PERROS Y GATOS;Unidad;11
806;LEGOS DE PERSONAJES 2000;Unidad;35
422;LEGOS DE POKEMON ORIGINALES;Unidad;4
1262;LEGOS GRANDES DE 5000;Unidad;11
1299;LEGOS GRANDES DE PERSONAJES 12500;Unidad;3
1286;LEGOS MAGNETICOS MINECRAFT;Unidad;9
1179;LEGO SNOOPY CASA ROJA;Unidad;0
657;LEGOS PEQUE�OS DE SNOOPY;Unidad;7
63;LENTES DE SOL;Unidad;33
633;LENTES HARRY POTTER;Unidad;9
1526;LIBRETA DE ANGELA;Unidad;0
1495;LIBRETA DE JACK ORIGINAL;Unidad;0
996;LIBRETA DE STITCH;Unidad;0
1214;LIBRETAS DE HARRY POTTER 7500;Unidad;10
1349;LIBRETAS DE HARRY POTTER 9500;Unidad;12
537;LIBRETAS DE SNOPPY;Unidad;6
1514;LIBRETA Y STICKERS DE STITCH;Unidad;3
1060;limas de pies;Unidad;3
819;LIMA U�AS;Unidad;1
880;LLAVERO DE ACERO COMODOS;Unidad;138
1145;LLAVERO DE CEREZA;Unidad;1
1115;LLAVERO DE GARFIELD DE PELUCHE;Unidad;3
433;LLAVERO DE LA LIGA;Unidad;-1
1257;llavero de peluche de chimuelo y furia;Unidad;4
1271;LLAVERO DE PELUCHE DE LUCIFER;Unidad;3
1270;LLAVERO DE PELUCHE DE NICK ZOOTOPIA;Unidad;2
1326;LLAVERO DE PELUCHE DE ratatouille;Unidad;2
1268;LLAVERO DE PELUCHE DE SNOOPY;Unidad;1
1269;LLAVERO DE PELUCHE JUDY DE ZOOTOPIA;Unidad;2
010;LLAVERO DE PEREZOSO;Unidad;12
1116;LLAVERO DE PINGUINO DE PELUCHE;Unidad;1
310;LLAVERO DE SAPRISSA 17CM;Unidad;4
965;LLAVERO DRAGON BALL;Unidad;2
932;LLAVERO JACK;Unidad;2
963;LLAVERO SALLY;Unidad;0
933;LLAVERO SASUKE;Unidad;1
3;LLAVEROS DE HULE;Unidad;753
954;LLAVEROS DE LABUBUS;Unidad;5
861;LLAVEROS DE PELUCHE;Unidad;38
421;LLAVEROS DE PELUCHE SORPRESA DE LABUBUS;Unidad;-1
1263;LLAVEROS DE TRALALEROS;Unidad;2
839;LLAVEROS METALICOS;Unidad;135
1112;LOMANI GOLD;Unidad;0
1564;LONCHERA DE HELLO KITTY;Unidad;0
L827;LONCHERA DE JACK CON LICENCIA ORIGINAL;Unidad;1
1488;LONCHERA MINECRAFT;Unidad;2
027;MAGNETICOS DE PEREZOSO;Unidad;24
666;MAJIM BUU XMATERIA;Unidad;1
1103;MALETA DE STITCH;Unidad;-2
1539;MANO LIBRE BLANCO STITCH;Unidad;3
1347;mano libre de mickey;Unidad;2
1540;MANO LIBRE DE MINNIE;Unidad;2
1348;MANO LIBRE MONTER HIHG;Unidad;0
1144;MANOS LIBRES NIKE;Unidad;2
M860;MAQUILLAJE DE NI�A;Unidad;6
1353;MARCIANO DE TOY STORY;Unidad;1
1019;MARIO CARRO DE CARRERAS CON RETROCESO;Unidad;0
975;MASCARILLA PARA DORMIR STITCH;Unidad;2
M502;MEDIAS DE JACK;Unidad;1
1418;MEDIAS DE JACK CON TRES CARITAS;Unidad;6
1417;MEDIAS DE JACK Y TOTORO;Unidad;14
1416;MEDIAS DE MICKEY, GOOFY, DONALD Y PLUTO;Unidad;2
76;MEDIAS DE PERSONAJES;Unidad;410
1499;MEDIAS DE SHREK Y BURRO;Unidad;2
1501;MEDIAS DE SLYTHERIN Y RAVENCLAW;Unidad;6
1142;MEDIAS DE TOTORO;Unidad;1
1352;MEDIAS ECONOMICAS 1200;Unidad;1
1386;MEDIAS ORIGINALES DEL GRINCH;Unidad;3
1394;MICRO FIGURA DE HELLO KITTY;Unidad;1
980;MICROFONO DE STITCH;Unidad;1
1049;MINI CARTERAS;Unidad;4
960;MINI FIGURAS;Unidad;9
852;MOCHILA ATTACK ON TITAN;Unidad;1
1329;MOCHILA DE DINOSAURIO;Unidad;1
1259;MOCHILA DE MINECRAFT;Unidad;5
1426;MOCHILA DE MINECRAFT Y JACK;Unidad;3
1278;MOCHILA DE ONE PIECE;Unidad;1
1512;MOCHILA DE SNOOPY;Unidad;3
1241;MOCHILA DE SPIDERMAN;Unidad;2
1369;MOCHILA DE STITCH CELESTE;Unidad;0
1346;MOCHILA DE UNICORNIO CHENSON;Unidad;0
1195;mochila harry potter;Unidad;3
1544;mochila miles morales;Unidad;1
M814;MONEDERO;Unidad;6
1487;MONEDERO CELESTE DE STITCH CON LICENCIA ORIGINAL;Unidad;2
1243;MONEDERO DE CUERO DE MUJER;Unidad;-1
906;Monedero de hello kitty;Unidad;3
1376;MONEDERO DE MINNIE MOUSE;Unidad;-1
1041;MONEDEROS DE JACK;Unidad;3
1273;MONEDEROS DE PELUCHE DE SANRIO;Unidad;4
1121;MOTO EN CAJA;Unidad;-2
1400;MU�ECA DE HELLO KITTY;Unidad;1
1529;MU�EQUERA DE SNOOPY;Unidad;3
719;OLD SPICE AFTER SHAVE 125ML;Unidad;8
P513;OLD SPICE PERFUME;Unidad;2
828;orejeras de jack con licencia original;Unidad;1
680;oso blanco con corazon;Unidad;1
1574;OSO GRANDE;Unidad;1
1507;PACK DE PELUCHES DE JACK Y SALLY;Unidad;3
1053;PALETA DE CONTORNO;Unidad;1
767;pa�oleta de colores;Unidad;1
768;pa�oleta de colores morado;Unidad;2
1136;PANTERA ROSA 100CM;Unidad;0
1409;PANTUFLAS BEIGE DE MINNIE Y MICKEY MOUSE;Unidad;1
1479;PANTUFLAS DE CHUCKY;Unidad;1
1379;PANTUFLAS DE JACK PELUDAS;Unidad;-1
1427;PANTUFLAS DE MARIE LOS ARISTOGATOS;Unidad;2
1478;PANTUFLAS DE PERSONAJES CON LICENCIA ORIGINAL;Unidad;1
P862;PANTUFLAS DE PESONAJES;Unidad;42
1384;PANTUFLAS DE SHREK;Unidad;1
1361;PANTUFLAS DE SNOOPY CON LICENCIA ORIGINAL;Unidad;3
624;PANTUFLAS DE STITCH;Unidad;0
1190;PANTUFLAS DE STITCH Y TRAPOS;Unidad;-4
1537;PANTUFLAS DE WINNIE POOH;Unidad;0
642;PANTUFLAS NAVIDE�AS;Unidad;2
1430;PANTUFLAS PELUDAS DE HELLO KITTY ROSADAS;Unidad;0
1357;PANTUFLAS PELUDAS DE MINNIE Y MICKEY;Unidad;2
898;PANTUFLAS UP;Unidad;5
886;PANTUNFLAS DE PERSONAJES;Unidad;22
888;PANTUNFLAS DE STITCH PELUDAS;Unidad;2
1073;PA�UELOS TIPICOS;Unidad;-4
496;PARAGUA NI�OS STITCH;Unidad;0
1052;PARAGUAS DE EQUIPOS;Unidad;3
P55;PATRICIO MEDIANO 71 CM;Unidad;0
1;PEINES STITCH;Unidad;18
803;PEINETA DE FLORES;Unidad;2
351;PELUCA LARGA;Unidad;12
423;PELUCAS CORTAS;Unidad;0
1159;PELUCHE ACOSTADO CHIMUELO 38CM;Unidad;5
1242;PELUCHE AGUACATE GRANDE 50CM;Unidad;1
P53;PELUCHE ANGELA 24CM;Unidad;4
P584;PELUCHE BABY YODA 30CM;Unidad;1
P9;PELUCHE BLUEY 28CM;Unidad;4
P291;PELUCHE BLUEY 36 CM;Unidad;2
P319;PELUCHE BOB ESPONJA 21CM;Unidad;1
P189;PELUCHE BOB ESPONJA 24CM;Unidad;4
P317;PELUCHE BOB ESPONJA 30CM;Unidad;0
P318;PELUCHE BOB ESPONJA 37CM;Unidad;0
54;PELUCHE BOB SPONJA 44CM;Unidad;1
P413;PELUCHE BOLSO DE PEREZOSO;Unidad;2
P311;PELUCHE BTS 25CM;Unidad;10
P183;PELUCHE CAPIBARA CON MOCHILA DE TORTUGA 35CM;Unidad;4
P185;PELUCHE CAPIBARA CON MOCHILA DE TORTUGA 45CM;Unidad;2
P184;PELUCHE CAPIBARA CON MOCHILA DE TORTUGA 60CM;Unidad;1
1331;PELUCHE CHOOPER 45CM;Unidad;2
1524;PELUCHE DE AGUACATE 30CM;Unidad;-1
P476;PELUCHE DE ANGELA 35CM;Unidad;-2
P474;PELUCHE DE ANGELA 45CM;Unidad;1
P478;PELUCHE DE ANGELA 56CM;Unidad;1
P321;PELUCHE DE ARENITA 27CM;Unidad;2
P849;PELUCHE DE BATMAN;Unidad;0
1583;PELUCHE DE BEYOTA GRANDE;Unidad;2
P188;PELUCHE DE BOB ESPONJA 60CM;Unidad;2
62;PELUCHE DE BOB SPONJA 57CM;Unidad;1
1390;PELUCHE DE BOLITAS DE JACK;Unidad;0
P461;PELUCHE DE BOLSO DE ANGELA;Unidad;1
P391;PELUCHE DE BOLSO DE LUIGUI 56CM;Unidad;1
P462;PELUCHE DE BOLSO DE STICH;Unidad;4
P329;PELUCHE DE BOWSER;Unidad;11
P346;PELUCHE DE BUNNY 33CM;Unidad;1
57;PELUCHE DE CALAMARDO;Unidad;2
P322;PELUCHE DE CALAMARDO 38CM;Unidad;0
P565;PELUCHE DE CAPIBARA 25CM;Unidad;0
P173;PELUCHE DE CAPIBARA CON COBIJA 40CM;Unidad;1
P428;PELUCHE DE CAPIBARA QUE CAMINA;Unidad;1
P186;PELUCHE DE CAPIBARA QUE RESPIRA 30CM;Unidad;3
878;peluche de cerdo;Unidad;-1
1152;peluche de charlie 19 cm;Unidad;3
1460;PELUCHE DE CHEWBACCA;Unidad;1
P564;PELUCHE DE CHIMUELO 17CM;Unidad;1
P327;PELUCHE DE CHIMUELO 30CM;Unidad;7
P328;PELUCHE DE CHIMUELO 36CM;Unidad;0
1423;PELUCHE DE CHIMUELO ACOSTADO 55CM;Unidad;2
1158;peluche de chimuelo acostado 60cm;Unidad;1
1215;peluche de chimuelo y furia;Unidad;3
1391;PELUCHE DE CHIMUELO Y FURIA LUMINOSA GIGANTE;Unidad;3
P487;PELUCHE DE CHOPPER 21CM;Unidad;1
P490;PELUCHE DE CHOPPER 50CM;Unidad;0
P488;PELUCHE DE CHOPPER ORIGINAL;Unidad;0
1134;peluche de chuimuelo y furia;Unidad;2
435;PELUCHE DE CINNAMOROLL;Unidad;-1
P407;PELUCHE DE CONEJO 51CM;Unidad;4
1306;PELUCHE DE CORDERO CON MO�O 30CM;Unidad;0
1307;PELUCHE DE CORDERO CON TULIPAN 40CM;Unidad;0
P387;PELUCHE DE DEMON SLAYER 36CM;Unidad;7
P800;peluche de dino con cobija;Unidad;-1
59;PELUCHE DE DON CANGREJO;Unidad;2
P347;PELUCHE DE ELMER GRU�ON 50CM;Unidad;1
P337;PELUCHE DE FREDBEAR 21CM;Unidad;6
58;PELUCHE DE GARY;Unidad;-2
P439;PELUCHE DE GATO 26CM;Unidad;1
P440;PELUCHE DE GATO 28CM;Unidad;5
P443;PELUCHE DE GATO CON CORBATA 40CM;Unidad;1
P355;PELUCHE DE GATO SILVESTRE 22CM;Unidad;2
1127;PELUCHE DE GENGAR;Unidad;-2
1030;PELUCHE DE GEORGE PIG;Unidad;0
P989;PELUCHE DE GORILA;Unidad;1
P176;PELUCHE DE GRADUACION 20CM;Unidad;4
1500;PELUCHE DE GRADUACION DE SNOOPY PEQUE�O;Unidad;0
P179;PELUCHE DE GRADUACION HELLO KITTY;Unidad;0
P177;PELUCHE DE GRADUACION MY MELODY 20CM;Unidad;-1
683;peluche de groot 30cm;Unidad;5
1469;PELUCHE DE HEDWIG, HARRY POTTER 43CM;Unidad;1
1534;PELUCHE DE HELLO KITTY 46CM;Unidad;0
1531;PELUCHE DE HELLO KITTY 50CM;Unidad;1
1533;PELUCHE DE HELLO KITTY 55CM;Unidad;1
1550;peluche de hello kitty 65cm;Unidad;1
1231;peluche de igor;Unidad;1
1038;peluche de jack;Unidad;1
939;PELUCHE DE JACK;Unidad;2
1249;PELUCHE DE JACK SKELLINGTON SONROJADO;Unidad;3
1510;PELUCHE DE JACK Y SALLY HALLOWEN;Unidad;4
1163;peluche de jaguar;Unidad;0
1036;peluche de jirafa;Unidad;1
1340;peluche de kirby;Unidad;1
1341;peluche de kirby 38cm;Unidad;2
1530;PELUCHE DE KUROMI 46CM;Unidad;1
P811;PELUCHE DE LABUBUS;Unidad;1
1545;peluche del grinch;Unidad;2
P597;PELUCHE DE LLAVERO DE CAPIBARA;Unidad;2
P368;PELUCHE DE LLAVERO SHADOW;Unidad;6
P371;PELUCHE DE LLAVERO SONIC;Unidad;2
P370;PELUCHE DE LLAVERO SONIC GRIS;Unidad;1
P369;PELUCHE DE LLAVERO SONIC ROSADA;Unidad;2
P345;PELUCHE DE LOLA 23CM;Unidad;2
1216;peluche de lucifer 62cm;Unidad;1
P997;PELUCHE DE LUCY, SNOOPY;Unidad;2
P489;PELUCHE DE LUFFY 52CM;Unidad;1
P390;PELUCHE DE LUIGUI 59CM;Unidad;1
P437;PELUCHE DE MAPACHE 25CM;Unidad;3
P393;PELUCHE DE MARIO 28CM;Unidad;1
P392;PELUCHE DE MARIO BROS 30CM,;Unidad;1
P388;PELUCHE DE MARIO BROS 70CM;Unidad;0
1297;PELUCHE DE MEOWTH POKEMON;Unidad;1
1298;PELUCHE DE MEW 30CM;Unidad;1
1289;PELUCHE DE MEWTWO 30CM;Unidad;1
P404;PELUCHE DE MICKEY 35CM;Unidad;0
P403;PELUCHE DE MICKEY 53CM;Unidad;0
P405;PELUCHE DE MICKEY 62CM;Unidad;1
P352;PELUCHE DE MILES MORALES 21CM;Unidad;6
1473;PELUCHE DE MINION GRANDE;Unidad;1
P482;PELUCHE DE MINNIE 34CM;Unidad;1
P615;PELUCHE DE MINNIE DE 50CM;Unidad;1
P406;PELUCHE DE MONO 38CM;Unidad;2
P450;PELUCHE DE MONO 45CM;Unidad;1
P463;PELUCHE DE MU�EQUERA DE STICH;Unidad;-7
1106;PELUCHE DE OSO;Unidad;0
P473;PELUCHE DE OSO CARI�OSITO AZUL 50CM;Unidad;1
1065;PELUCHE DE OSO CON BUFUNDA;Unidad;1
P408;PELUCHE DE OSO CON CORAZON 34CM;Unidad;4
P449;PELUCHE DE OSO CON CORAZON 67CM;Unidad;1
1063;PELUCHE DE OSOS;Unidad;1
1470;PELUCHE DE PAC-MAN 24CM;Unidad;1
P446;PELUCHE DE PANDA DE LOS ESCANDALOSOS 39CM;Unidad;1
P444;PELUCHE DE PANDA ESCANDALOSOS 51CM;Unidad;1
1203;PELUCHE DE PANDA PELUDO;Unidad;1
P448;PELUCHE DE PARDO 21CM;Unidad;1
P60;PELUCHE DE PATRICIO 35CM;Unidad;5
P320;PELUCHE DE PATRICIO 51CM;Unidad;1
P480;PELUCHE DE PAW PATROL 22CM;Unidad;14
P168;PELUCHE DE PAYASITO PLIMPLIM 37CM;Unidad;2
1481;PELUCHE DE PENNYWISE IT;Unidad;1
1029;PELUCHE DE PEPPA PIG;Unidad;0
P414;PELUCHE DE PEREZOSO 32CM;Unidad;1
P412;PELUCHE DE PEREZOSO 36CM;Unidad;1
P411;PELUCHE DE PEREZOSO 39CM;Unidad;2
1088;PELUCHE DE PERRO GRIS 20CM;Unidad;0
P375;PELUCHE DE PERRO ODIE 50CM;Unidad;1
P593;PELUCHE DE PIKACHU;Unidad;1
912;peluche de pikachu 40cm;Unidad;2
P349;PELUCHE DE PLUTO;Unidad;1
1475;PELUCHE DE PLUTO;Unidad;1
P334;PELUCHE DE POCHITA 43CM;Unidad;1
P338;PELUCHE DE POCOYO 26CM;Unidad;2
P447;PELUCHE DE POLAR 33CM;Unidad;2
909;peluche de rayo Mcqueen;Unidad;5
910;peluche de rayo mcqueen 21cm;Unidad;5
P801;PELUCHE DE REMI, RATATOUILLE;Unidad;0
P316;PELUCHE DE SAILOR MOON 28CM;Unidad;1
1373;PELUCHE DE SALLY 30CM;Unidad;1
1250;PELUCHE DE SALLY SONROJADA;Unidad;1
P364;PELUCHE DE SHADOW;Unidad;0
782;PELUCHE DE SNOOPY;Unidad;3
P454;PELUCHE DE SNOOPY 17CM;Unidad;0
1039;peluche de snoopy 25cm;Unidad;4
P453;PELUCHE DE SNOOPY 40CM;Unidad;1
P561;PELUCHE DE SNOOPY 40CM;Unidad;1
1536;PELUCHE DE SNOOPY 50CM;Unidad;1
1535;PELUCHE DE SNOOPY 65CM;Unidad;2
P452;PELUCHE DE SNOOPY CON CAMISA 33CM;Unidad;0
1237;PELUCHE DE SNOOPY CON EMILIO 30CM;Unidad;0
1122;peluche de snoopy con sweater 45cm;Unidad;4
1496;PELUCHE DE SNOOPY GRADUADO;Unidad;2
1408;PELUCHE DE SNORLAX;Unidad;1
P358;PELUCHE DE SONIC 33CM;Unidad;2
P360;PELUCHE DE SONIC ROJO 24CM;Unidad;0
P353;PELUCHE DE SPIDERMAN OFERTA 32CM;Unidad;3
12;PELUCHE DE SPIDERMAN PROMO 32CM;Unidad;3
10;PELUCHE DE SPIDERMAN ROJO 26CM;Unidad;-4
P178;PELUCHE DE SQUIRTLE, BULBASAUR Y CHARMANDER 36CM;Unidad;0
P464;PELUCHE DE STICH 19CM;Unidad;4
P465;PELUCHE DE STICH 22CM;Unidad;4
P460;PELUCHE DE STICH 24CM;Unidad;1
P475;PELUCHE DE STICH 51CM;Unidad;1
P472;PELUCHE DE STICH 60;Unidad;3
P467;PELUCHE DE STICH 75CM;Unidad;3
P479;PELUCHE DE STICH 76;Unidad;0
P471;PELUCHE DE STICH 95CM;Unidad;1
P458;PELUCHE DE STICH ACOSTADO 40CM;Unidad;0
P459;PELUCHE DE STICH CON CORAZON 58CM;Unidad;1
P466;PELUCHE DE STICH CON CORAZON 65CM;Unidad;0
P477;PELUCHE DE STICH CON TRAPOS59CM;Unidad;-2
P468;PELUCHE DE STICH CON TRAPOS 75CM;Unidad;0
P470;PELUCHE DE STICH GRADUADO 52CM;Unidad;1
1497;PELUCHE DE STICH GRADUADO MEDIANO;Unidad;0
1498;PELUCHE DE STICH GRADUADO PEQUE�O;Unidad;0
P456;PELUCHE DE STICH Y ANGEL CON COBIJA 54CM;Unidad;-1
1213;peluche de stitch;Unidad;2
1459;PELUCHE DE STITCH CON TRAPOS;Unidad;1
1001;PELUCHE DE STITCH CON TRAPOS;Unidad;2
1502;PELUCHE DE STITCH CON TRAPOS 47CM;Unidad;2
1033;peluche de sullivan;Unidad;3
P359;PELUCHE DE TAILS 26CM;Unidad;2
P344;PELUCHE DE TAZMANIA 30CM;Unidad;6
1480;PELUCHE DE TELETUBBIE;Unidad;1
1308;PELUCHE DE TELETUBBIE AMARILLO 40CM;Unidad;1
1309;PELUCHE DE TELETUBBIE MORADO 40CM;Unidad;1
1311;PELUCHE DE TELETUBBIE ROJO DE 40CM;Unidad;0
1310;PELUCHE DE TELETUBBIE VERDE DE 40CM;Unidad;1
1118;PELUCHE DE TIBURON;Unidad;0
1051;PELUCHE DE TIGGER 20CM;Unidad;2
1028;PELUCHE DE TORTUGA;Unidad;2
P350;PELUCHE DE TOTORO 21CM;Unidad;4
1372;PELUCHE DE TRAPOS 25CM;Unidad;3
1151;peluche de tucan 22cm;Unidad;1
P870;PELUCHE DE VACA 36CM;Unidad;1
581;PELUCHE DE VACA CON COBIJA;Unidad;1
1162;peluche de venado;Unidad;1
1161;peluche de zebra;Unidad;0
P486;PELUCHE DE ZENITSU 25CM;Unidad;2
P332;PELUCHE ENDERMAN MINECRAFT 21CM;Unidad;7
P394;PELUCHE ESTRELLA MARIO BROS;Unidad;2
1330;PELUCHE EVEE POKEMON;Unidad;1
P396;PELUCHE FANTASMA MARIO BROS;Unidad;1
P380;PELUCHE GARFIELD 24CM;Unidad;1
P379;PELUCHE GARFIELD 24CM;Unidad;-1
P381;PELUCHE GARFIELD 29CM;Unidad;4
P382;PELUCHE GARFIELD 35CM;Unidad;0
P383;PELUCHE GARFIELD 49CM;Unidad;2
P376;PELUCHE GARFIELD 61CM;Unidad;2
P386;PELUCHE GARFIELD 91CM;Unidad;1
P385;PELUCHE GARFIELD CON CORAZON 100CM;Unidad;1
P377;PELUCHE GARFIELD CON CORAZON 64CM;Unidad;1
P378;PELUCHE GARFIELD OJOS CORAZON 23CM;Unidad;3
P384;PELUCHE GARFIELD ORIGINAL 30CM;Unidad;1
P441;PELUCHE GATO ACOSTADO 36CM;Unidad;4
P442;PELUCHE GATO NEGRO 24CM;Unidad;0
P202;PELUCHE GRADUADO 27CM;Unidad;2
P201;PELUCHE GRADUADO MEDIANO 33CM;Unidad;0
630;PELUCHE HARRY POTTER;Unidad;1
631;PELUCHE HARRY POTTER ORIGINAL;Unidad;-1
873;PELUCHE HELLO KITTY;Unidad;2
P635;PELUCHE HELLO KITTY 30CM;Unidad;0
1532;PELUCHE HELLO KITTY 3.5CM;Unidad;0
P634;PELUCHE HELLO KITTY CON BEBE 35CM;Unidad;1
P172;PELUCHE HELLO KITTY VESTIDO AZUL DE CUADROS 45CM;Unidad;1
P331;PELUCHE HUMANO MINECRAFT 21CM;Unidad;15
1155;peluche jack navide�o original;Unidad;1
836;PELUCHE JIRAFA 46CM;Unidad;1
P313;PELUCHE KIRBY 22CM;Unidad;2
P170;PELUCHE KUROMI CON FRESA 45CM;Unidad;-1
P335;PELUCHE LLAVERO POCHITA 14CM;Unidad;4
1542;PELUCHE LUCIFER;Unidad;2
399;PELUCHE LUCIFER 30CM;Unidad;2
P169;PELUCHE LUCIFER QUE RESPIRA 30CM;Unidad;1
P397;PELUCHE MAIZ MARIO BROS;Unidad;1
P389;PELUCHE MARIO BROS 59CM;Unidad;1
P326;PELUCHE MOUSTRO DE SAPRISSA 38CM;Unidad;2
P566;PELUCHE MU�EQUERA CAPIBARA;Unidad;-1
P438;PELUCHE MU�EQUERA PEREZOSO;Unidad;2
P171;PELUCHE MY MELODY CON FRESA 45CM;Unidad;1
200;PELUCHE OSITO CAFE 45 CM;Unidad;-3
P343;PELUCHE OSITO CARI�OSITO 31CM;Unidad;-3
P342;PELUCHE OSITOS CARI�OSITOS 28CM;Unidad;9
P409;PELUCHE OSO BLANCO 29CM;Unidad;4
P410;PELUCHE OSO CORAZON ROSADO 33CM;Unidad;4
P539;PELUCHE PICCACHU 30CM;Unidad;5
P395;PELUCHE PLANTA MARIO 22CM;Unidad;1
P594;PELUCHE POU;Unidad;0
798;PELUCHE QUE RESPIRA STITCH;Unidad;3
911;peluche rayo mcquuen 17cm;Unidad;2
P312;PELUCHES CHICAS SUPER PODEROSAS 26CM;Unidad;9
P197;PELUCHE SCOOBY 40CM;Unidad;0
P333;PELUCHES DE ANIMALES MINECRAFT 21CM;Unidad;12
P348;PELUCHES DE CERDITO LOONEY TUNES;Unidad;3
1292;PELUCHES DE CHIKORITA 25CM;Unidad;1
P27;PELUCHES DE CREEPER DE MINECRAFT;Unidad;9
P483;PELUCHES DE DEMON SLAYER 23CM;Unidad;11
1425;PELUCHES DE FURIA LUMINOSA - CHIMUELO 33CM;Unidad;3
P339;PELUCHES DE INTENSAMENTE 29CM;Unidad;7
P953;PELUCHES DE LABUBU 40CM;Unidad;2
P445;PELUCHES DE LOS ESCANDALOSOS 45CM;Unidad;2
P485;PELUCHES DE LUFFY 21CM;Unidad;0
1522;PELUCHES DE MINIONS MEDIANOS;Unidad;2
P315;PELUCHES DE NARUTO 28CM;Unidad;6
1252;PELUCHES DE OSITOS CAFE Y BLANCO;Unidad;2
P336;PELUCHES DE PAW PATROL 38CM;Unidad;1
429;PELUCHES DE PAW PATROL PEQUE�OS;Unidad;-1
P354;PELUCHES DE PLANTAS VS ZOMBIES 30CM;Unidad;5
1471;PELUCHES DE PLAZA SESAMO 33CM;Unidad;3
P977;PELUCHES DE POKEMON 20CM;Unidad;1
P278;PELUCHES DE POKEMON 40CM;Unidad;-1
1338;PELUCHES DE SANRIO 21CM;Unidad;2
1236;PELUCHES DE SNOOPY SUETER 35CM;Unidad;0
P484;PELUCHES DE SOUTH PARK 21CM;Unidad;5
P952;PELUCHES DE TONY CHOPPER 33CM;Unidad;2
P951;PELUCHES DE TONY CHOPPER 43CM;Unidad;0
P950;PELUCHES DE TORTUGA NINJA 20CM;Unidad;3
914;peluches de up;Unidad;2
936;PELUCHES DE WINNIE POOH y amigos 38CM;Unidad;4
P314;PELUCHES DRAGON BALL Z 28CM;Unidad;5
P365;PELUCHE SHADOW 47CM;Unidad;2
1303;PELUCHE SIN CARA;Unidad;1
P560;PELUCHE SNOOPY 28CM;Unidad;0
P559;PELUCHE SNOOPY 50CM;Unidad;2
783;PELUCHE SNOOPY GRANDE;Unidad;1
P451;PELUCHE SNOOPY PILOTO 47CM;Unidad;1
P362;PELUCHE SONIC 34CM;Unidad;2
P367;PELUCHE SONIC AMARILLO 58CM;Unidad;-1
P366;PELUCHE SONIC ROJO 65CM;Unidad;0
P361;PELUCHE SONIC ROSADO 27CM;Unidad;3
P182;PELUCHES OSITOS CARINOSITOS CON COBIJA 53CM;Unidad;5
11;PELUCHE SPIDERMAN NEGRO 26CM;Unidad;1
1256;PELUCHES QUE RESPIRAN;Unidad;2
913;peluche stitch con trapos 22cm;Unidad;2
1002;peluche stitch con trapos 70cm;Unidad;0
P498;PELUCHE STITCH OREJAS ROJAS 40CM;Unidad;1
681;peluche sullivan 40cm;Unidad;1
682;peluche sullivan 47cm;Unidad;1
P583;PELUCHE VACA CON COBIJA;Unidad;0
P363;PELUCHE VILLANO DE SONIC 32CM;Unidad;1
1290;peluche zero;Unidad;1
P330;PELUCHE ZOMBI MINECRAFT 21CM;Unidad;7
1006;peluche zorro de nueve colas;Unidad;2
795;PERFILADOR DE CEJAS;Unidad;2
50;PERFUME 1 MILLION LUCKY PACO RABANNE 100ML;Unidad;1
49;PERFUME 1 MILLION PACO RABANNE 100ML;Unidad;1
1090;PERFUME 212 VIP;Unidad;-1
1312;perfume 5th avenue;Unidad;2
707;PERFUME ADIDAS DYNAMIC PULSE 100ML;Unidad;1
704;PERFUME ADIDAS FOR HIM 100ML;Unidad;8
708;PERFUME ADIDAS PURE GAME 100ML;Unidad;1
705;PERFUME ADIDAS TEAM FORCE 100ML;Unidad;6
706;PERFUME ADIDAS VICTORY LEAGUE 100ML;Unidad;2
686;PERFUME AGUA BRAVA 200ML;Unidad;1
605;PERFUME ALIVE HUGO BOOS;Unidad;1
40;PERFUME AMARIGE GIVENCHY 100ML;Unidad;1
753;PERFUME ARABIA DE MUJER 100ML;Unidad;1
36;PERFUME CALVIN KLEIN ONE 200ML;Unidad;1
1573;perfume carolina herrera men 100ml;Unidad;1
730;PERFUME CHANEL N5 30ML;Unidad;1
692;PERFUME CHARLIE BLUE 100ML;Unidad;5
695;PERFUME CHARLIE GOLD;Unidad;1
691;PERFUME CHARLIE RED 100ML;Unidad;4
694;PERFUME CHARLIE SILVER 100ML;Unidad;1
693;PERFUME CHARLIE WHITE 100ML;Unidad;1
701;PERFUME CIEL 100ML;Unidad;2
32;PERFUME CLINIQUE HAPPY PARA HOMBRE 100ML;Unidad;1
602;PERFUME CLOUD ARIANA GRANDE;Unidad;1
34;PERFUME COLD 100ML;Unidad;1
698;PERFUME CUBA 100ML;Unidad;1
696;PERFUME CUBA GREY;Unidad;1
697;PERFUME CUBA WINNER 100ML;Unidad;1
759;PERFUME CURVE CHILL 100ML;Unidad;5
764;PERFUME CURVE CHILL NEGRO 100ML;Unidad;4
760;PERFUME CURVE CONNECT 100ML;Unidad;3
761;PERFUME CURVE CONNECT ROJO 100ML;Unidad;4
729;PERFUME CURVE CRUSH 236ML;Unidad;1
763;PERFUME CURVE WAVE DORADO 100ML;Unidad;4
762;PERFUME CURVE WAVE VERDE 100ML;Unidad;3
70;Perfume Davidoff 125ml;Unidad;1
69;perfume Davidoff cool water women 100ml;Unidad;1
606;PERFUME DOLCE GABBANA 125ML;Unidad;1
607;PERFUME DOLCE GABBANA 1THE ONE 100 ML;Unidad;2
71;Perfume Dolce Gabbana light blue 100ml;Unidad;2
43;PERFUME DUNHILL DESIRE 100ML;Unidad;1
756;PERFUME GREEN TEA CHERRY BLOSSOM 100ML;Unidad;1
755;PERFUME GREEN TEA MIMOSA 100ML;Unidad;1
73;Perfume Halloween 100ml;Unidad;0
74;Perfume Halloween magic 100ml;Unidad;0
754;PERFUME HAYAATI PARA HOMBRE 100ML;Unidad;3
765;PERFUME HOT DE MUJER 100ML;Unidad;2
33;PERFUME HUGO BOSS PARA HOMBRE 200ML;Unidad;1
702;PERFUME INDRA 100ML;Unidad;4
703;PERFUME ISA 100ML;Unidad;2
613;PERFUME JEAN PAUL GAULTIER 100ML;Unidad;1
614;PERFUME JEAN PAUL GAULTIER 125 ML;Unidad;1
P863;PERFUME JOOP;Unidad;3
P514;PERFUME JOOP 125ML;Unidad;2
45;PERFUME KING OF SEDUCTION 200ML;Unidad;1
609;PERFUME LACOSTE POUR FEMME 90ML;Unidad;1
608;PERFUME LACOSTE TOUCH OF PINK 90ML;Unidad;1
610;PERFUME LASCOTE L HOMME;Unidad;1
56;PERFUME LA VIDA ES BELLA 100ml;Unidad;-1
30;PERFUME LA VIDA ES BELLA TRIPLE AAA 75ML;Unidad;2
758;PERFUME LIVE LUXE 100ML;Unidad;1
713;PERFUME LOMANI 100ML;Unidad;13
722;PERFUME MIDNIGHT FANTASY 236ML;Unidad;0
611;PERFUME MONT BLANC;Unidad;1
48;PERFUME NATURA KAIAK OCEANO 100ML;Unidad;1
684;perfume nautica voyage 100ml;Unidad;3
711;PERFUME OWILD COUNTRY 75ML;Unidad;2
716;PERFUME PARIS DAKAR 100ML;Unidad;3
721;PERFUME PERRY ELLIS 18 236ML;Unidad;0
699;perfume pink rush;Unidad;3
710;PERFUME PINO 125ML;Unidad;3
44;PERFUME POLO RALPH LAUREN 118ML;Unidad;1
31;PERFUME POLO RALPH LAUREN ULTRA BLUE 125ML;Unidad;1
689;PERFUME REEBOK 100ML;Unidad;2
685;perfume RIO BRAVO 100ML;Unidad;2
P515;PERFUME ROSA NEGRA DE MUJER;Unidad;7
700;PERFUME ROSA NEGRA FOR MEN 100ML;Unidad;6
757;PERFUME SUNFLOWERS 100ML;Unidad;1
709;PERFUME SWEET HONESTY 50ML;Unidad;5
1463;PERFUMES Y CREMAS BATH AND BODY;Unidad;25
714;PERFUME TAXI 100ML;Unidad;8
846;PERFUME TOMMY GIRL;Unidad;-1
46;PERFUME TOUCH FRED HAYMAN;Unidad;1
35;PERFUME TOUS BABY 100ML;Unidad;1
42;PERFUME TRIBU 100ML;Unidad;1
1081;PERFUME VERSACE;Unidad;1
72;Perfume Victorinox classic 100ml;Unidad;1
1552;perfume victorinox sport;Unidad;3
37;PERFUME VOLUPTE 100ML;Unidad;1
1141;pesa de comida;Unidad;2
1246;PESTA�AS PEQUE�AS;Unidad;-1
1239;PEZONERAS;Unidad;2
1553;PIEDRITAS MAQUILLAJE;Unidad;-1
877;PIERCING;Unidad;-53
894;PIJAMA DE GATA MARIE;Unidad;2
P518;PIJAMA DE KUROMI;Unidad;1
1385;PIJAMA DEL GRINCH;Unidad;2
1428;PIJAMA DE LUCIFER;Unidad;3
1584;pijama de snoopy;Unidad;3
431;PIJAMA DE STITCH;Unidad;16
895;PIJAMA DE UP;Unidad;3
891;PIJAMA DE WINNIE POOH;Unidad;10
1476;PIJAMA ECONOMICA DE PERSONAJES;Unidad;0
P531;PIJAMA HARRY POTTER;Unidad;0
896;PIJAMA HELLO KITTY AND FRIENDS;Unidad;2
893;PIJAMA HELLO KITTY ROSADA;Unidad;3
892;PIJAMA MONSTERS INC;Unidad;1
1354;PIJAMAS DE EL GRINCH;Unidad;1
1047;PIKACHU QUE RESPIRA;Unidad;1
1315;PINES DE BOB ESPONJA;Unidad;3
1316;PINES DE DRAGON BALL;Unidad;11
993;PINES DE ONE PIECE;Unidad;21
1314;PINES DE ONE PIECE;Unidad;20
1318;PINES DE POKEMON;Unidad;24
1319;PINES DE SANRIO;Unidad;18
992;PINES DE SNOOPY;Unidad;6
1317;PINES DE STICH;Unidad;18
1320;PINES DE TOTORO;Unidad;8
1570;PINES DE ZOOTOPIA;Unidad;14
1464;PINTURA FACIAL;Unidad;-2
619;PIRCING;Unidad;-4
P516;PIYAMA DE HELLO KITTY ROJA;Unidad;1
P517;PIYAMA DE JACK NEGRA;Unidad;4
P532;PIYAMA DE STICH;Unidad;2
P529;PIYAMA DRAGON BALL;Unidad;3
P528;PIYAMA ONE PIECE;Unidad;2
T124;PLAZA SESAMO;Unidad;11
6,97506E+12;PLUMAS HARRY POTTER;Unidad;-6
203;PLUMAS Y VARITAS;Unidad;-1
1059;polvo bardot;Unidad;4
1034;polvo de hada;Unidad;2
1058;polvo mels;Unidad;10
66;POLVO NAILEN;Unidad;27
824;POPSOKERS STICH;Unidad;0
1378;PORTACELULAR DE JACK;Unidad;1
1277;PORTALAPICES DE PERSONAJES;Unidad;0
890;PORTA PASAPORTE;Unidad;1
492;POSTER ANIME;Unidad;0
1169;prendedor;Unidad;1
1157;prensa de cereza;Unidad;-1
998;PRENSA DE HARRY POTTER;Unidad;0
1150;PRENSA DE SNOOPY Y CEREZA;Unidad;0
1008;PRENSA MARIPOSA;Unidad;-1
629;PRENSA STITCH;Unidad;0
297;PROMO MINEFRAF;Unidad;4
309;PROTECTOR DE PAJILLAS;Unidad;9
1153;PROYECTOR DE ASTRONAUTA;Unidad;3
794;PULSERA;Unidad;-1
777;pulsera cereza dorada;Unidad;3
776;pulsera cereza forma de corazon;Unidad;2
560;PULSERA DE HOMBRE;Unidad;-1
561;PULSERA DE MUJER;Unidad;33
778;pulsera de perlas con cereza;Unidad;1
779;pulsera de perlas dorada con cereza;Unidad;4
780;pulsera de perlas doradas con cereza;Unidad;2
781;pulsera dorada con cereza;Unidad;3
538;PULSERAS ECONOMICAS;Unidad;32
1173;pulseras marca celeste;Unidad;4
P530;PYAMA DEL GRICH;Unidad;1
P533;PYAMA DE STICH;Unidad;2
Q575;QUERATINA;Unidad;1
Q576;QUERATINA;Unidad;2
612;RALPH LAUREN MUJER 100ML;Unidad;1
19;RELOJ BATMAN;Unidad;2
434;RELOJ CYO;Unidad;-1
640;reloj de minecraft;Unidad;12
21;RELOJ DE OSITO CARINOSO;Unidad;1
1177;reloj de snoopy;Unidad;15
15;RELOJ DE STITCH;Unidad;3
1421;RELOJES DE CABALLERO;Unidad;2
1420;RELOJES DE MUJER;Unidad;2
1422;RELOJES POLO;Unidad;2
544;RELOJ FINO CAFE;Unidad;1
543;RELOJ FINO DE HOMBRE PLATEADO;Unidad;1
551;RELOJ FINO DE MUJER;Unidad;1
552;RELOJ FINO DE MUJER;Unidad;-2
545;RELOJ FINO DORADO;Unidad;-1
546;RELOJ FINO DORADO;Unidad;1
541;RELOJ FINO DORADO;Unidad;0
547;RELOJ FINO NEGRO;Unidad;-1
548;RELOJ FINO NEGRO MUJER;Unidad;0
550;RELOJ FINO PLATEADO;Unidad;0
549;RELOJ FINO PLATEADO;Unidad;0
542;RELOJ FINO PLATEADO DE MUJER;Unidad;2
1003;reloj fossil;Unidad;-1
645;RELOJ FROZEN;Unidad;0
20;RELOJ HARRY POTTER;Unidad;3
889;RELOJ INVICTA;Unidad;1
17;RELOJ MARIO;Unidad;8
14;RELOJ MINECRAFT CUADRADO;Unidad;4
13;RELOJ MINECRAFT REDONDO;Unidad;6
1377;RELOJ PAW PATROL;Unidad;1
16;RELOJ POKEMON;Unidad;1
18;RELOJ SPIDERMAN;Unidad;4
627;RIMEL TRASPARENTE;Unidad;5
1458;ROMPECABEZA DE MINECRAFT;Unidad;0
1056;ROMPECABEZAS DE EQUIPOS;Unidad;3
1450;ROMPECABEZAS DE HARRY POTTER;Unidad;2
826;ROMPECABEZAS DE SNOOPY;Unidad;4
506;RULOS DE STICH;Unidad;1
1228;saco de regalo de snoopy;Unidad;4
P507;SALLY ACOSTADA 66CM;Unidad;0
1156;SALVEQUE MARIO CON RODINES;Unidad;1
556;SANDALIAS AZULES DE STITCH ORIGINALES;Unidad;-1
972;SANDALIAS BLANCAS DE STITCH;Unidad;1
971;SANDALIAS DE LILO Y STITCH;Unidad;2
969;SANDALIAS DE STITCH CELESTES;Unidad;2
970;SANDALIAS DE STITCH CON GUITARRA;Unidad;2
1321;SET 4 FIGURAS DE BLUEY;Unidad;1
775;SET ARETES Y COLLAR NAVIDE�O;Unidad;2
1332;SET CAJA DE MAQUILLAJE NI�A;Unidad;1
897;SET CARROS MONSTER JAM;Unidad;2
821;set collar harry potter;Unidad;2
747;SET CREMA DE MANOS Y 2 JABONES MAJA;Unidad;6
748;SET CREMA Y FRAGANCIA;Unidad;6
1466;SET DE ARETES DE CEREZA;Unidad;3
773;set de aretes y collar de cereza;Unidad;3
1014;SET DE AVIONES;Unidad;2
1200;SET DE BATALLA DE LAVA BOWSER Y MARIO;Unidad;2
1509;SET DE BRILLO LABIAL DE SNOOPY;Unidad;1
B817;SET DE BROCHAS DE MAQUILLAJE;Unidad;92
845;SET DE CAJA DE MADERA;Unidad;4
1395;SET DE CARTAS DE HOGWARTS;Unidad;3
638;SET DE CARTAS POKEMON;Unidad;1
920;SET DE CARTAS RICK AND MORTY;Unidad;2
1174;SET DE DOLCE AND GABBANA;Unidad;1
1393;SET DE FIGURAS CON DULCES DE CHUCKY Y MICHAEL MYERS;Unidad;1
1397;SET DE FIGURAS DE EL EXTRA�O MUNDO DE JACK;Unidad;1
1192;SET DE FIGURAS DELUXE DE CARS;Unidad;0
1325;SET DE FIGURAS DE MARIO;Unidad;1
1323;SET DE FIGURAS DE MARIO;Unidad;1
620;SET DE FIGURAS FAMILIA DE BLUEY;Unidad;1
1424;SET DE FIGURAS HARRY POTTER;Unidad;1
1197;SET DE FIGURAS MARIO, LUIGI Y PEACH;Unidad;1
1046;SET DE FIGURAS MINECRAFT;Unidad;2
917;set de figuras stitch;Unidad;5
1402;SET DE HOT WHEELS MONSTER TRUCKS;Unidad;1
1465;SET DE JOYERIA PARA CABALLERO;Unidad;2
1294;SET DE LIBRETA Y TAZA DE DEMON SLAYER;Unidad;1
1455;SET DE MAQUILLAJE;Unidad;3
1167;SET DE MARIO DIORAMA ARCHIPIELAGO DE ALMIBAR;Unidad;1
987;SET DE MEDIAS DE UP;Unidad;2
1401;SET DE OSITOS CARI�OSITOS FIGURAS;Unidad;2
774;set de perlas cereza;Unidad;1
1097;SET DE PESTA�AS;Unidad;1
982;SET DE POSTERS DE ONE PIECE;Unidad;1
999;SET DE PRENSAS INVADER ZIM;Unidad;1
770;set de pulsera colores pastel;Unidad;3
772;set de pulseras negras;Unidad;-1
769;set de pulseras rojas;Unidad;0
T324;SET DE TAZAS;Unidad;1
983;SET DE TAZAS LILO Y STITCH;Unidad;1
1399;SET DE TRES CARROS DE RAPIDOS Y FURIOSOS;Unidad;3
995;SET DIARIO DE JACK Y SALLY;Unidad;2
825;SET FIGURAS DE MINECRAFT CON LICENCIA ORIGINAL;Unidad;2
1109;SET FIGURAS DE PLANTAS VS ZOMBIES;Unidad;2
8;SET FIGURAS DE STITCH GRANDE;Unidad;1
1265;SET FIGURAS MINECRAFT;Unidad;3
925;SET FIGURAS SONIC;Unidad;2
750;SET GEL DE BA�O Y CREMA MAJA;Unidad;4
1095;SET GORRO HARRY POTTER;Unidad;2
720;SET JABON NATURAL HENO DE PRAVIA;Unidad;3
1504;set monster inc;Unidad;0
679;set old spice;Unidad;4
618;SET PAREJA STITCH;Unidad;2
766;SET PERFUMES + DESODORANTE DIESEL PLUS PLUS;Unidad;1
641;SET PINES BOB PRINCIPITO TOM Y JERRY;Unidad;18
1549;set plumas harry potter;Unidad;6
771;set pulsera azul;Unidad;2
791;SET PULSERA PALO ROSA;Unidad;2
1467;SETS DE ARETES DE MARIPOSA;Unidad;-1
690;SET SOUTH PARK;Unidad;7
746;SET TALCOS, PERFUME Y JABON MAJA;Unidad;2
T161;SET TAZA DE GATO CON PLATO;Unidad;8
T162;SET TAZAS DE GATOS TAPA GRUESA;Unidad;2
T163;SET TAZAS DE GATO TAPA DELGADA;Unidad;3
751;SET TRES JABONES PERFUMADOS MAJA;Unidad;4
1388;SHORT CON LICENCIA ORIGINAL;Unidad;5
1419;SHORT PIJAMA DE HARRY POTTER;Unidad;1
840;SHOTS;Unidad;46
1356;SLIPPERS - PANTUFLAS DE EL GRINCH;Unidad;2
655;SNOOPY BARCO DE VAPOR;Unidad;2
658;SNOOPY CAJA AZUL;Unidad;2
659;SNOOPY CAJA ROJA;Unidad;1
1587;SNOOPY QUE RESPIRA;Unidad;2
654;SNOOPY RED HOUSE DAY DREAMS;Unidad;0
637;sobre individual de pokemon;Unidad;-1
400;SOMBRAS DE HELLO KITTY Y STITCH;Unidad;3
418;SOMBRAS DE OJOS SAS;Unidad;-5
S568;SOMBRAS DE STITCH;Unidad;-1
401;SOMBRAS HELLO KITTY;Unidad;4
S569;SOMBRAS LIBRO STITCH;Unidad;-1
1057;sombras peque�as;Unidad;1
306;SOMBRAS PEQUE�AS DE STITCH;Unidad;-5
S567;SOMBRAS STITCH;Unidad;0
S563;SOMBREO DE ONE PIECE AMARILLO;Unidad;4
1432;SOMBRERO ACE;Unidad;-1
S562;SOMBRERO DE ONE PIECE;Unidad;2
626;SOMBRERO HARRY POTTER;Unidad;17
1472;SOMBREROS DE LUFFY ORIGINAL;Unidad;0
S135;SOMBRILLA AUTOMATICA TAURO Y FUTAI;Unidad;4
S577;SOMBRILLA DE HELLO KITTY;Unidad;0
1175;sombrilla de snoopy;Unidad;5
S579;SOMBRILLA DE STITCH;Unidad;4
792;SOMBRILLA DRAGON BALL;Unidad;4
S133;SOMBRILLA GOLONDRINA;Unidad;0
793;SOMBRILLA OSITOS CARI�OSITOS;Unidad;0
S134;SOMBRILLA PEQUENA GOLONDRINA;Unidad;0
s139;SOMBRILLAS ANIME;Unidad;0
S578;SOMBRILLAS DE CAPIBARA;Unidad;1
S136;SOMBRILLA TAURO;Unidad;9
S137;SOMBRILLA TAURO LISA;Unidad;6
299;SONNY ANGELS;Unidad;20
1389;SPEAKER DE JACK;Unidad;1
717;SPLAHS BRUT 207ML;Unidad;2
731;SPLASH 1 MILLION PACO RABANNE 100ML;Unidad;1
734;SPLASH 212 VIP ROSE 100ML;Unidad;1
733;SPLASH ACQUA DI GIO 100ML;Unidad;1
736;SPLASH ALLURE HOMME 100ML;Unidad;1
739;SPLASH COCONUT MIST 236ML;Unidad;1
738;SPLASH MINOTAURE 100ML;Unidad;0
735;SPLASH OLYMPEA 100ML;Unidad;1
742;SPLASH SWEET COCO 250ML;Unidad;2
740;SPLASH SWEET LIFE 250ML;Unidad;1
737;SPLASH VETIVER 100ML;Unidad;1
871;SPRAYS DE CABELLO DE COLORES;Unidad;-1
844;SQUICHI;Unidad;-5
1098;STICKERS DE U�AS;Unidad;16
1018;stitch con trapos;Unidad;0
752;TALCOS MAJA 100G;Unidad;4
745;TALCOS PERFUMADOS MAJA 150G;Unidad;3
1513;TARJETEROS KEKE;Unidad;4
206;TATUAJES PERSONAJES;Unidad;-1
715;TAXI BLUE 100ML;Unidad;3
T113;TAZA BATMAN;Unidad;6
T308;TAZA BISELADA;Unidad;3
T83;TAZA BOB SPONJA;Unidad;28
T500;TAZA BUHO ABY STYLE;Unidad;1
T304;TAZA CAFE;Unidad;4
T77;TAZA CERDITO CON TAPA;Unidad;14
T81;TAZA CERDITO ENOJON;Unidad;5
T78;TAZA CERDITO TAPA LAZO;Unidad;12
622;TAZA CERVECERA GLACIADA;Unidad;-1
T130;TAZA CINNAMOROLL;Unidad;-1
T224;TAZA CON ALCANCIA BATMAN;Unidad;0
T225;TAZA CON ALCANCIA CAPITAN AMERICA;Unidad;3
T221;TAZA CON ALCANCIA HOMERO;Unidad;3
T223;TAZA CON ALCANCIA HULK;Unidad;3
T226;TAZA CON ALCANCIA IRON MAN;Unidad;9
T222;TAZA CON ALCANCIA STICH;Unidad;3
T234;TAZA CON MEDIAS HOMERO;Unidad;4
T302;TAZA CON TIMBRE;Unidad;2
T282;TAZA CUBO RUBIK;Unidad;1
T96;TAZA DARTH VADER;Unidad;-6
T97;TAZA DARTH VADER 3D;Unidad;9
T82;TAZA DE ANIMALES CON PLATO;Unidad;8
T93;TAZA DE BABY YODA;Unidad;5
T79;TAZA DE CERDITO CON TAPA DE CORONA;Unidad;7
T80;TAZA DE CERDITO TOY STORY;Unidad;9
T116;TAZA DE DEADPOLL Y MAS;Unidad;6
1164;taza de dumbo;Unidad;0
T287;TAZA DE FRESA;Unidad;5
T117;TAZA DE HONGO MARIO;Unidad;7
T111;TAZA DE HULK;Unidad;9
1492;taza de jack y sally original;Unidad;2
1516;TAZA DE KUROMI CAJA ROSADA;Unidad;5
292;TAZA DE LAS CHICAS SUPER PODEROSAS;Unidad;1
T288;TAZA DE LIMON;Unidad;2
T219;TAZA DEL REY LEON;Unidad;6
T323;TAZA DE MAMA;Unidad;2
T95;TAZA DE MANDALORIAN;Unidad;4
T126;TAZA DE MICKEY;Unidad;6
1572;TAZA DE MINIONS;Unidad;2
T220;TAZA DE MUFASA;Unidad;4
T303;TAZA DE NEUMATICO;Unidad;1
1027;TAZA DE ONE PIECE;Unidad;0
T107;TAZA DE PAREJA BELLA Y BESTIA;Unidad;8
T106;TAZA DE PAREJA MICKEY Y MINNIE;Unidad;4
1528;taza de patricio;Unidad;2
T305;TAZA DE ROBOT;Unidad;2
T228;TAZA DE SOBRE HARRY POTTER;Unidad;9
1337;taza de stitch con licencia;Unidad;1
881;TAZA DE THANOS;Unidad;9
T128;TAZA DE TOTORO;Unidad;8
T119;TAZA DE TUNEL;Unidad;12
T284;TAZA DE VIDEO JUEGO;Unidad;7
1339;taza de winnie pooh;Unidad;6
T75;TAZA DRAGON BALL DE FIGURA;Unidad;3
T497;TAZA ECONOMICA;Unidad;12
T89;TAZA GARFIELD;Unidad;7
T84;TAZA GARY;Unidad;12
T87;TAZA GRINCH;Unidad;4
T114;TAZA GROOT;Unidad;10
T121;TAZA HELLO KITTY ANTEOJOS;Unidad;9
T122;TAZA HELLO KITTY CAJA ROJA;Unidad;3
T90;TAZA JACK;Unidad;-1
T92;TAZA JACK SQUELLINTON;Unidad;10
T86;TAZA JOKER;Unidad;7
T227;TAZA KUROMI;Unidad;15
T118;TAZA LUIGUI;Unidad;3
T100;TAZA MAFALDA;Unidad;14
T120;TAZA MARIO BROSS;Unidad;2
T129;TAZA MELODY;Unidad;6
T85;TAZA MINNIE;Unidad;11
T98;TAZA MUG DARTH VADER;Unidad;16
T99;TAZA MUG STORMTROOPER;Unidad;11
T101;TAZA OLAF;Unidad;0
882;taza pareja pato donald;Unidad;5
T102;TAZA PAREJA STITCH;Unidad;5
T289;TAZA PERRO;Unidad;5
T91;TAZA SALLY;Unidad;12
T138;TAZAS CAJA NEGRA SANRIO;Unidad;12
1571;TAZAS CHICAS SUPER PODEROSAS;Unidad;7
1576;TAZA SCOOBY DOO;Unidad;3
T293;TAZAS DE AGUACATE;Unidad;22
T160;TAZAS DE CARA DE HARRY POTTER;Unidad;3
491;TAZAS DE CHOPPER Y ONE PIECE;Unidad;5
T146;TAZAS DE CORBATA HARRY POTTER;Unidad;4
T145;TAZAS DE EEVEE;Unidad;13
T558;TAZAS DE EQUIPOS;Unidad;6
T295;TAZAS DE EXTRATERRESTRE;Unidad;3
T159;TAZAS DE GATO DE ALICIA;Unidad;3
T273;TAZAS DE GATOS;Unidad;181
T154;TAZAS DE HARRY POTTER CUERPO 3D;Unidad;17
T149;TAZAS DE HEDWIG HARRY POTTER;Unidad;10
T123;TAZAS DE HELLO KITTY;Unidad;43
T283;TAZAS DE HERRAMIENTA;Unidad;2
T115;TAZAS DE IROMAN;Unidad;8
712;TAZAS DE JUJUTSU KAISEN;Unidad;12
T296;TAZAS DE KOALA;Unidad;5
T153;TAZAS DE MEWTWO;Unidad;3
T155;TAZAS DE MIKE WAZOWSKI;Unidad;3
1245;TAZAS DE MINECRAFT;Unidad;8
T151;TAZAS DE MORTY;Unidad;3
1443;TAZAS DE MUSICA;Unidad;4
T148;TAZAS DE NARUTO CON TAPA;Unidad;3
T275;TAZAS DE OSOS;Unidad;11
T290;TAZAS DE PANDA;Unidad;547
T150;TAZAS DE PEREZOSO;Unidad;16
T110;TAZAS DE PERSONAJES DE BOB SPONJA;Unidad;46
T144;TAZAS DE PIKACHU;Unidad;10
T285;TAZAS DE PI�A;Unidad;13
T274;TAZAS DE PINGUINO;Unidad;11
T301;TAZAS DE PRECIOSOS MOMENTOS;Unidad;4
T300;TAZAS DE RATON;Unidad;5
T152;TAZAS DE RICK;Unidad;1
T132;TAZAS DE SANRIO;Unidad;16
T140;TAZAS DE SNOOPY;Unidad;8
1567;TAZAS DE SNOOPY CON TAPA;Unidad;5
T156;TAZAS DE STITCH DOBLE AGARRADERA;Unidad;5
T125;TAZAS DE VACA;Unidad;77
603;TAZAS HECHAS A MANO;Unidad;25
797;TAZAS MEDIABALES;Unidad;4
1022;TAZAS NEGRAS CON RELIEBE;Unidad;12
T127;TAZA SONIC;Unidad;13
T112;TAZA SPIDERMAN;Unidad;7
T281;TAZAS SAILOR MOON NEGRO;Unidad;11
804;TAZAS SANBLASTIADAS DE PERSONAJES;Unidad;13
T280;TAZAS SANRIO;Unidad;23
T147;TAZAS SOMBRERO HARRY POTTER Y CALDERO;Unidad;10
T621;tazas subliminadas DE EQUIPOS;Unidad;6
T104;TAZA STITCH;Unidad;4
T105;TAZA STITCH CON PELOTITAS;Unidad;15
T103;TAZA STITCH MUG;Unidad;11
T94;TAZA STORMTROOPERS;Unidad;13
T88;TAZA SULLIVAN;Unidad;13
T276;TAZAS UNICORNIO;Unidad;13
T277;TAZA THANOS;Unidad;6
T278;TAZA THOR;Unidad;2
1304;TELEFONO MOES;Unidad;1
601;TEQUILERO;Unidad;11
424;TERMO DE MINNIE MOUSE ORIGINAL;Unidad;-1
1061;TETERA SE�ORA POTTS;Unidad;0
875;tinta de labio;Unidad;-1
1493;TINTAS DE SNOOPY;Unidad;1
503;TOALLAS HUMEDAS;Unidad;-2
1244;TOALLAS HUMEDAS HELLO KITTY - STITCH;Unidad;4
1094;TORTUGA;Unidad;-1
1342;TREN NAVIDE�O;Unidad;8
856;U�A MILAGROSA;Unidad;2
1221;VACA 33 CM;Unidad;1
1232;VACA 45CM;Unidad;1
V590;VARITA HARRY POTTER;Unidad;11
1113;vaso snoopy;Unidad;1
1261;VASOS PARA WHISKY CON RELIEVE;Unidad;6
1272;VASOS PLASTICOS DE PANDA;Unidad;3
1359;VASO TERMICO DE JACK SKELLINGTON;Unidad;1
1515;VASO TERMICO DE SNOOPY GRANDE;Unidad;6
984;VASO TERMICO DE STITCH CON PAJILLA;Unidad;0
974;VASO TERMICO DE WINNIE POOH;Unidad;1
1551;victorinox altitude;Unidad;3
1461;VINCHA DE NI�A;Unidad;6
600;WISQUERO;Unidad;2
